{
  "main": {
    "id": "91ceb676cc1b1479",
    "type": "split",
    "children": [
      {
        "id": "216cb94b4e00fbe1",
        "type": "tabs",
        "children": [
          {
            "id": "eb6874d881ee2be4",
            "type": "leaf",
            "state": {
              "type": "empty",
              "state": {},
              "icon": "lucide-file",
              "title": "New tab"
            }
          }
        ]
      }
    ],
    "direction": "vertical"
  },
  "left": {
    "id": "f9748efb2d6f0c5f",
    "type": "split",
    "children": [
      {
        "id": "d748ee874900964e",
        "type": "tabs",
        "children": [
          {
            "id": "b8a3f6f6ed98f54d",
            "type": "leaf",
            "state": {
              "type": "file-explorer",
              "state": {
                "sortOrder": "alphabetical",
                "autoReveal": false
              },
              "icon": "lucide-folder-closed",
              "title": "Files"
            }
          },
          {
            "id": "b6f5f5f1b58938d7",
            "type": "leaf",
            "state": {
              "type": "search",
              "state": {
                "query": "",
                "matchingCase": false,
                "explainSearch": false,
                "collapseAll": false,
                "extraContext": false,
                "sortOrder": "alphabetical"
              },
              "icon": "lucide-search",
              "title": "Search"
            }
          },
          {
            "id": "8b8fb3a4410dd34b",
            "type": "leaf",
            "state": {
              "type": "bookmarks",
              "state": {},
              "icon": "lucide-bookmark",
              "title": "Bookmarks"
            }
          }
        ]
      }
    ],
    "direction": "horizontal",
    "width": 300
  },
  "right": {
    "id": "a471410d53e482f0",
    "type": "split",
    "children": [
      {
        "id": "c8525c3e3ec4846d",
        "type": "tabs",
        "children": [
          {
            "id": "deea2120d5043d69",
            "type": "leaf",
            "state": {
              "type": "backlink",
              "state": {
                "file": "Scada.md",
                "collapseAll": false,
                "extraContext": false,
                "sortOrder": "alphabetical",
                "showSearch": false,
                "searchQuery": "",
                "backlinkCollapsed": false,
                "unlinkedCollapsed": true
              },
              "icon": "links-coming-in",
              "title": "Backlinks for Scada"
            }
          },
          {
            "id": "757ce96e32d36c61",
            "type": "leaf",
            "state": {
              "type": "outgoing-link",
              "state": {
                "file": "Scada.md",
                "linksCollapsed": false,
                "unlinkedCollapsed": true
              },
              "icon": "links-going-out",
              "title": "Outgoing links from Scada"
            }
          },
          {
            "id": "5a0578af3c1b588b",
            "type": "leaf",
            "state": {
              "type": "tag",
              "state": {
                "sortOrder": "frequency",
                "useHierarchy": true
              },
              "icon": "lucide-tags",
              "title": "Tags"
            }
          },
          {
            "id": "d0af8e82bb84b3d6",
            "type": "leaf",
            "state": {
              "type": "outline",
              "state": {
                "file": "Scada.md"
              },
              "icon": "lucide-list",
              "title": "Outline of Scada"
            }
          }
        ]
      }
    ],
    "direction": "horizontal",
    "width": 300,
    "collapsed": true
  },
  "left-ribbon": {
    "hiddenItems": {
      "bases:Create new base": false,
      "switcher:Open quick switcher": false,
      "graph:Open graph view": false,
      "canvas:Create new canvas": false,
      "daily-notes:Open today's daily note": false,
      "templates:Insert template": false,
      "command-palette:Open command palette": false
    }
  },
  "active": "eb6874d881ee2be4",
  "lastOpenFiles": [
    "oxyser.pdf",
    "L.M.C.S Penetration Test/d3248ce8-732a-4c13-af9b-fa07c762e100 - TenantID.md",
    "L.M.C.S Penetration Test/Azure/Microsoft OpenID Configuration/Main.md",
    "Untitled.md",
    "Scada.md",
    "Liceul Miron Cristea.md",
    "L.M.C.S Penetration Test/Azure/Microsoft OpenID Configuration",
    "L.M.C.S Penetration Test/Azure",
    "L.M.C.S Penetration Test"
  ]
}